GEOID,Tract_Name,LST_C_mean,LST_C_max,LST_C_min,Avg_Air_Temp_C,Max_Air_Temp_C,Min_Air_Temp_C,Avg_Wind_ms,Max_Wind_ms,Min_Wind_ms,Avg_Humidity_percent
11001005302,Census Tract 53.02,40.1066817180112,42.179039172176964,35.91955495042749,25.96847826086957,37.2,14.4,3.4067028985507255,7.194444444444445,1.8055555555555556,65.0
11001004402,Census Tract 44.02,41.63582916142661,43.50665347287951,38.249891769197575,25.96847826086957,37.2,14.4,3.4067028985507255,7.194444444444445,1.8055555555555556,65.0
11001010602,Census Tract 106.02,40.82651826592529,41.99121477062028,38.41382070532113,25.96847826086957,37.2,14.4,3.4067028985507255,7.194444444444445,1.8055555555555556,65.0
11001000804,Census Tract 8.04,31.881231534171786,33.543797913398635,28.981781618776907,25.96847826086957,37.2,14.4,3.4067028985507255,7.194444444444445,1.8055555555555556,65.0
11001003902,Census Tract 39.02,34.04721586378089,35.391513067150484,31.262038805114496,25.96847826086957,37.2,14.4,3.4067028985507255,7.194444444444445,1.8055555555555556,65.0
11001000101,Census Tract 1.01,36.31932007361021,38.69914632003104,32.521352120786666,25.96847826086957,37.2,14.4,3.4067028985507255,7.194444444444445,1.8055555555555556,65.0
11001000903,Census Tract 9.03,35.485277910717315,36.65382913084111,34.13502566580306,25.96847826086957,37.2,14.4,3.4067028985507255,7.194444444444445,1.8055555555555556,65.0
11001001004,Census Tract 10.04,36.931324561851554,38.035292661701796,35.375653639339866,25.96847826086957,37.2,14.4,3.4067028985507255,7.194444444444445,1.8055555555555556,65.0
11001000102,Census Tract 1.02,32.99738635135103,35.01911708215691,30.006058182265814,25.96847826086957,37.2,14.4,3.4067028985507255,7.194444444444445,1.8055555555555556,65.0
11001003701,Census Tract 37.01,39.82093211938503,41.667319987436095,36.93581913530946,25.96847826086957,37.2,14.4,3.4067028985507255,7.194444444444445,1.8055555555555556,65.0
11001002504,Census Tract 25.04,36.13245792592449,39.64596379252215,30.01958835146456,25.96847826086957,37.2,14.4,3.4067028985507255,7.194444444444445,1.8055555555555556,65.0
11001000703,Census Tract 7.03,35.30138102686018,36.908399974185194,33.074348190188914,25.96847826086957,37.2,14.4,3.4067028985507255,7.194444444444445,1.8055555555555556,65.0
11001003901,Census Tract 39.01,39.81658012166062,41.38690340061935,37.70015679064757,25.96847826086957,37.2,14.4,3.4067028985507255,7.194444444444445,1.8055555555555556,65.0
11001002703,Census Tract 27.03,37.47670834924263,39.3723617165788,34.32330986615277,25.96847826086957,37.2,14.4,3.4067028985507255,7.194444444444445,1.8055555555555556,65.0
11001004401,Census Tract 44.01,41.73716173374612,43.76422717269572,37.74714637052538,25.96847826086957,37.2,14.4,3.4067028985507255,7.194444444444445,1.8055555555555556,65.0
11001001003,Census Tract 10.03,35.88587779587906,37.00216570294809,34.59027190752357,25.96847826086957,37.2,14.4,3.4067028985507255,7.194444444444445,1.8055555555555556,65.0
11001003802,Census Tract 38.02,40.47754962598412,42.885068513796575,36.95334660193372,25.96847826086957,37.2,14.4,3.4067028985507255,7.194444444444445,1.8055555555555556,65.0
11001003702,Census Tract 37.02,39.820803808236676,42.20389413843455,36.72600318538622,25.96847826086957,37.2,14.4,3.4067028985507255,7.194444444444445,1.8055555555555556,65.0
11001005502,Census Tract 55.02,40.54267002957457,42.40575511758606,36.362919902878104,25.96847826086957,37.2,14.4,3.4067028985507255,7.194444444444445,1.8055555555555556,65.0
11001000803,Census Tract 8.03,36.93228514959048,37.76823901791231,35.73432698469741,25.96847826086957,37.2,14.4,3.4067028985507255,7.194444444444445,1.8055555555555556,65.0
11001003801,Census Tract 38.01,41.13090828036964,42.99721352196168,37.9699644595808,25.96847826086957,37.2,14.4,3.4067028985507255,7.194444444444445,1.8055555555555556,65.0
11001000904,Census Tract 9.04,33.41949360162253,34.65811176084366,31.053143988714798,25.96847826086957,37.2,14.4,3.4067028985507255,7.194444444444445,1.8055555555555556,65.0
11001000704,Census Tract 7.04,37.5498951020494,38.964475678823305,35.38497027662227,25.96847826086957,37.2,14.4,3.4067028985507255,7.194444444444445,1.8055555555555556,65.0
11001001304,Census Tract 13.04,32.9641278690383,33.74576164297633,31.426976461552584,25.96847826086957,37.2,14.4,3.4067028985507255,7.194444444444445,1.8055555555555556,65.0
11001001303,Census Tract 13.03,32.29940615524491,33.358167576578495,30.32341792444267,25.96847826086957,37.2,14.4,3.4067028985507255,7.194444444444445,1.8055555555555556,65.0
11001002704,Census Tract 27.04,32.74953072781002,33.99822429759943,30.244326609100256,25.96847826086957,37.2,14.4,3.4067028985507255,7.194444444444445,1.8055555555555556,65.0
11001002503,Census Tract 25.03,38.55961073407898,41.54925112138765,34.71215417746726,25.96847826086957,37.2,14.4,3.4067028985507255,7.194444444444445,1.8055555555555556,65.0
11001005601,Census Tract 56.01,38.24408707855795,39.93312399233987,34.68213387421616,25.96847826086957,37.2,14.4,3.4067028985507255,7.194444444444445,1.8055555555555556,65.0
11001005501,Census Tract 55.01,39.54718606013025,41.792220739881884,35.35150419261229,25.96847826086957,37.2,14.4,3.4067028985507255,7.194444444444445,1.8055555555555556,65.0
11001005602,Census Tract 56.02,37.95546669098749,39.59423317775663,34.17678547873722,25.96847826086957,37.2,14.4,3.4067028985507255,7.194444444444445,1.8055555555555556,65.0
11001005303,Census Tract 53.03,39.81227109431584,42.421359187337,34.89216081378174,25.96847826086957,37.2,14.4,3.4067028985507255,7.194444444444445,1.8055555555555556,65.0
11001005202,Census Tract 52.02,39.91758936544117,42.076518891142875,35.34029481319996,25.96847826086957,37.2,14.4,3.4067028985507255,7.194444444444445,1.8055555555555556,65.0
11001010202,Census Tract 102.02,39.18468057222291,40.824749851577046,36.52339780962211,25.96847826086957,37.2,14.4,3.4067028985507255,7.194444444444445,1.8055555555555556,65.0
11001980000,Census Tract 9800,33.5466496487188,34.7175612412043,32.01655042998481,25.96847826086957,37.2,14.4,3.4067028985507255,7.194444444444445,1.8055555555555556,65.0
11001007202,Census Tract 72.02,40.12084489351633,41.2508289762141,37.81165868337768,25.96847826086957,37.2,14.4,3.4067028985507255,7.194444444444445,1.8055555555555556,65.0
11001005203,Census Tract 52.03,41.077975768742384,42.945751908753635,37.52160595438738,25.96847826086957,37.2,14.4,3.4067028985507255,7.194444444444445,1.8055555555555556,65.0
11001005003,Census Tract 50.03,40.16746567527569,41.81563682469845,37.05767875778533,25.96847826086957,37.2,14.4,3.4067028985507255,7.194444444444445,1.8055555555555556,65.0
11001004703,Census Tract 47.03,40.43428268434115,42.31878082371974,35.896617134951896,25.96847826086957,37.2,14.4,3.4067028985507255,7.194444444444445,1.8055555555555556,65.0
11001005004,Census Tract 50.04,40.07843719355978,41.804746429811985,36.9896831438477,25.96847826086957,37.2,14.4,3.4067028985507255,7.194444444444445,1.8055555555555556,65.0
11001007201,Census Tract 72.01,39.48251231044366,40.50733470525243,38.22435998501123,25.96847826086957,37.2,14.4,3.4067028985507255,7.194444444444445,1.8055555555555556,65.0
11001005802,Census Tract 58.02,40.613377514425544,42.540133174209195,38.32993697224774,25.96847826086957,37.2,14.4,3.4067028985507255,7.194444444444445,1.8055555555555556,65.0
11001004704,Census Tract 47.04,41.563945793856476,42.636405456085164,39.24289803012582,25.96847826086957,37.2,14.4,3.4067028985507255,7.194444444444445,1.8055555555555556,65.0
11001010201,Census Tract 102.01,39.20682123665496,41.397741794751,35.951006658006946,25.96847826086957,37.2,14.4,3.4067028985507255,7.194444444444445,1.8055555555555556,65.0
11001010603,Census Tract 106.03,42.14951507267855,43.82226155371702,39.35618855993259,25.96847826086957,37.2,14.4,3.4067028985507255,7.194444444444445,1.8055555555555556,65.0
11001010601,Census Tract 106.01,40.301191543528816,41.77663029844942,37.47288380607078,25.96847826086957,37.2,14.4,3.4067028985507255,7.194444444444445,1.8055555555555556,65.0
11001011002,Census Tract 110.02,34.63765572689134,35.98623067413325,32.970470098273005,25.96847826086957,37.2,14.4,3.4067028985507255,7.194444444444445,1.8055555555555556,65.0
11001011001,Census Tract 110.01,39.693766268478484,41.113602493865734,37.70504157084525,25.96847826086957,37.2,14.4,3.4067028985507255,7.194444444444445,1.8055555555555556,65.0
11001002101,Census Tract 21.01,38.83135183096303,40.97810026245815,34.14081112833863,25.96847826086957,37.2,14.4,3.4067028985507255,7.194444444444445,1.8055555555555556,65.0
11001007203,Census Tract 72.03,42.43154067087937,43.22189406912373,41.00482754424492,25.96847826086957,37.2,14.4,3.4067028985507255,7.194444444444445,1.8055555555555556,65.0
11001009510,Census Tract 95.10,36.66164082820234,37.57928268548555,35.40294066509764,25.96847826086957,37.2,14.4,3.4067028985507255,7.194444444444445,1.8055555555555556,65.0
11001009511,Census Tract 95.11,38.168728016269114,39.23642381087693,36.77168932851576,25.96847826086957,37.2,14.4,3.4067028985507255,7.194444444444445,1.8055555555555556,65.0
11001005503,Census Tract 55.03,37.18339237006164,39.48716428978837,32.93160518223225,25.96847826086957,37.2,14.4,3.4067028985507255,7.194444444444445,1.8055555555555556,65.0
11001005801,Census Tract 58.01,41.28803319760096,42.90063764820892,38.65044972674538,25.96847826086957,37.2,14.4,3.4067028985507255,7.194444444444445,1.8055555555555556,65.0
11001010900,Census Tract 109,32.30526186381215,33.896768058261785,30.809520294184537,25.96847826086957,37.2,14.4,3.4067028985507255,7.194444444444445,1.8055555555555556,65.0
11001010400,Census Tract 104,37.76026260354146,38.98165035655152,36.247686755987075,25.96847826086957,37.2,14.4,3.4067028985507255,7.194444444444445,1.8055555555555556,65.0
11001009903,Census Tract 99.03,39.96705200650877,42.684746141340014,36.70678199089803,25.96847826086957,37.2,14.4,3.4067028985507255,7.194444444444445,1.8055555555555556,65.0
11001009904,Census Tract 99.04,40.74196026345958,43.72366908067503,37.16902316633553,25.96847826086957,37.2,14.4,3.4067028985507255,7.194444444444445,1.8055555555555556,65.0
11001009905,Census Tract 99.05,40.46459103150608,42.82976242496093,38.431548469899674,25.96847826086957,37.2,14.4,3.4067028985507255,7.194444444444445,1.8055555555555556,65.0
11001009906,Census Tract 99.06,39.344095976137346,42.47767780868032,34.68662846010824,25.96847826086957,37.2,14.4,3.4067028985507255,7.194444444444445,1.8055555555555556,65.0
11001002102,Census Tract 21.02,38.90047129926699,40.30212863603542,36.93499052232681,25.96847826086957,37.2,14.4,3.4067028985507255,7.194444444444445,1.8055555555555556,65.0
11001002201,Census Tract 22.01,39.411575052136264,40.71761162108821,36.39869572816916,25.96847826086957,37.2,14.4,3.4067028985507255,7.194444444444445,1.8055555555555556,65.0
11001002202,Census Tract 22.02,36.72600953887055,37.72320973856801,35.10770625131195,25.96847826086957,37.2,14.4,3.4067028985507255,7.194444444444445,1.8055555555555556,65.0
11001002301,Census Tract 23.01,37.990722858835944,39.55287336804508,35.809018119938,25.96847826086957,37.2,14.4,3.4067028985507255,7.194444444444445,1.8055555555555556,65.0
11001006400,Census Tract 64,38.73700643569838,39.771094860639984,37.702646918821024,25.96847826086957,37.2,14.4,3.4067028985507255,7.194444444444445,1.8055555555555556,65.0
11001006500,Census Tract 65,40.35210472724849,41.44645990958276,37.846109453433094,25.96847826086957,37.2,14.4,3.4067028985507255,7.194444444444445,1.8055555555555556,65.0
11001006600,Census Tract 66,40.09678084260194,41.30965448878335,37.09594380392599,25.96847826086957,37.2,14.4,3.4067028985507255,7.194444444444445,1.8055555555555556,65.0
11001006700,Census Tract 67,39.55703149785003,40.699525698191,37.650903108397614,25.96847826086957,37.2,14.4,3.4067028985507255,7.194444444444445,1.8055555555555556,65.0
11001006802,Census Tract 68.02,40.21554955676823,41.402962342556066,38.5750601917704,25.96847826086957,37.2,14.4,3.4067028985507255,7.194444444444445,1.8055555555555556,65.0
11001007408,Census Tract 74.08,38.849590688391345,39.75804155716212,37.92197976270459,25.96847826086957,37.2,14.4,3.4067028985507255,7.194444444444445,1.8055555555555556,65.0
11001007409,Census Tract 74.09,38.96387545229064,39.8315757777196,37.604396898099864,25.96847826086957,37.2,14.4,3.4067028985507255,7.194444444444445,1.8055555555555556,65.0
11001007809,Census Tract 78.09,39.154670814044344,42.51158941330544,33.37739266981446,25.96847826086957,37.2,14.4,3.4067028985507255,7.194444444444445,1.8055555555555556,65.0
11001007903,Census Tract 79.03,41.519028041809,43.268336000874456,39.74068353565102,25.96847826086957,37.2,14.4,3.4067028985507255,7.194444444444445,1.8055555555555556,65.0
11001008001,Census Tract 80.01,41.148439353082026,42.574035598538245,39.560686226573374,25.96847826086957,37.2,14.4,3.4067028985507255,7.194444444444445,1.8055555555555556,65.0
11001009400,Census Tract 94,38.377742481382164,40.538544665715094,34.84463759569212,25.96847826086957,37.2,14.4,3.4067028985507255,7.194444444444445,1.8055555555555556,65.0
11001009503,Census Tract 95.03,36.23411240641792,38.24355649359141,32.14323145497082,25.96847826086957,37.2,14.4,3.4067028985507255,7.194444444444445,1.8055555555555556,65.0
11001009504,Census Tract 95.04,40.40587100680118,41.960377749836795,38.31222451339436,25.96847826086957,37.2,14.4,3.4067028985507255,7.194444444444445,1.8055555555555556,65.0
11001009505,Census Tract 95.05,38.66679197296393,40.09328824062531,36.53550000789852,25.96847826086957,37.2,14.4,3.4067028985507255,7.194444444444445,1.8055555555555556,65.0
11001009907,Census Tract 99.07,37.854236466757456,40.48991072670395,34.072343279092195,25.96847826086957,37.2,14.4,3.4067028985507255,7.194444444444445,1.8055555555555556,65.0
11001002501,Census Tract 25.01,37.6084266936479,41.41403290226447,31.72350407675763,25.96847826086957,37.2,14.4,3.4067028985507255,7.194444444444445,1.8055555555555556,65.0
11001002302,Census Tract 23.02,36.38093055367194,37.431971099418604,35.06748141568089,25.96847826086957,37.2,14.4,3.4067028985507255,7.194444444444445,1.8055555555555556,65.0
11001002400,Census Tract 24,39.096735406699345,40.673510591976324,36.62428493037032,25.96847826086957,37.2,14.4,3.4067028985507255,7.194444444444445,1.8055555555555556,65.0
11001007000,Census Tract 70,41.54589835957968,42.096361938590775,40.822145721251815,25.96847826086957,37.2,14.4,3.4067028985507255,7.194444444444445,1.8055555555555556,65.0
11001007100,Census Tract 71,39.177748751271324,40.405289905729404,37.468518018149844,25.96847826086957,37.2,14.4,3.4067028985507255,7.194444444444445,1.8055555555555556,65.0
11001006900,Census Tract 69,40.880333630764994,41.83586102032064,39.402250433311934,25.96847826086957,37.2,14.4,3.4067028985507255,7.194444444444445,1.8055555555555556,65.0
11001009507,Census Tract 95.07,39.091698882382985,41.37176200097049,35.55839475085982,25.96847826086957,37.2,14.4,3.4067028985507255,7.194444444444445,1.8055555555555556,65.0
11001009508,Census Tract 95.08,38.773657452747756,40.255419043572935,36.52286595451807,25.96847826086957,37.2,14.4,3.4067028985507255,7.194444444444445,1.8055555555555556,65.0
11001009509,Census Tract 95.09,40.03675600809512,41.505241495142215,37.510497869169605,25.96847826086957,37.2,14.4,3.4067028985507255,7.194444444444445,1.8055555555555556,65.0
11001009700,Census Tract 97,40.62418389116779,41.28161904716347,39.879555188016596,25.96847826086957,37.2,14.4,3.4067028985507255,7.194444444444445,1.8055555555555556,65.0
11001009801,Census Tract 98.01,38.76094953231698,39.6752049016628,37.777602777600094,25.96847826086957,37.2,14.4,3.4067028985507255,7.194444444444445,1.8055555555555556,65.0
11001002801,Census Tract 28.01,39.044257802269584,42.1598659548743,33.38926243194502,25.96847826086957,37.2,14.4,3.4067028985507255,7.194444444444445,1.8055555555555556,65.0
11001002802,Census Tract 28.02,40.423595273820204,43.07105794597507,36.17465742337652,25.96847826086957,37.2,14.4,3.4067028985507255,7.194444444444445,1.8055555555555556,65.0
11001004001,Census Tract 40.01,37.88431598091138,39.324694871449196,35.607702679143515,25.96847826086957,37.2,14.4,3.4067028985507255,7.194444444444445,1.8055555555555556,65.0
11001004002,Census Tract 40.02,41.37590560007951,42.79002708487871,39.37261477353464,25.96847826086957,37.2,14.4,3.4067028985507255,7.194444444444445,1.8055555555555556,65.0
11001003600,Census Tract 36,40.3824458689131,42.625267404071224,36.34029792009765,25.96847826086957,37.2,14.4,3.4067028985507255,7.194444444444445,1.8055555555555556,65.0
11001004201,Census Tract 42.01,41.0949762894026,43.0529429045185,36.92988985848065,25.96847826086957,37.2,14.4,3.4067028985507255,7.194444444444445,1.8055555555555556,65.0
11001004202,Census Tract 42.02,40.85993042484324,42.682973901736204,37.44220225725439,25.96847826086957,37.2,14.4,3.4067028985507255,7.194444444444445,1.8055555555555556,65.0
11001007407,Census Tract 74.07,38.677355817097826,40.15941388380725,37.17877776414309,25.96847826086957,37.2,14.4,3.4067028985507255,7.194444444444445,1.8055555555555556,65.0
11001006801,Census Tract 68.01,41.59092267453231,42.4423238578041,40.21842284047859,25.96847826086957,37.2,14.4,3.4067028985507255,7.194444444444445,1.8055555555555556,65.0
11001010700,Census Tract 107,40.47801671799234,42.419115612776565,36.40564428065161,25.96847826086957,37.2,14.4,3.4067028985507255,7.194444444444445,1.8055555555555556,65.0
11001009604,Census Tract 96.04,39.124351727668504,41.02808732305074,36.71824838625245,25.96847826086957,37.2,14.4,3.4067028985507255,7.194444444444445,1.8055555555555556,65.0
11001000201,Census Tract 2.01,38.68212123472625,40.22179353451045,36.825378465338346,25.96847826086957,37.2,14.4,3.4067028985507255,7.194444444444445,1.8055555555555556,65.0
11001000300,Census Tract 3,34.880688981854206,37.13642894997586,31.350350784472205,25.96847826086957,37.2,14.4,3.4067028985507255,7.194444444444445,1.8055555555555556,65.0
11001000400,Census Tract 4,34.56327977250806,36.517437505578975,30.677995242816834,25.96847826086957,37.2,14.4,3.4067028985507255,7.194444444444445,1.8055555555555556,65.0
11001000502,Census Tract 5.02,36.04362482093511,37.48089559606252,32.74669979784616,25.96847826086957,37.2,14.4,3.4067028985507255,7.194444444444445,1.8055555555555556,65.0
11001004600,Census Tract 46,41.8378956458491,43.162346218015934,39.600606136465494,25.96847826086957,37.2,14.4,3.4067028985507255,7.194444444444445,1.8055555555555556,65.0
11001004801,Census Tract 48.01,41.269966828596395,42.477222790416164,39.502077414394925,25.96847826086957,37.2,14.4,3.4067028985507255,7.194444444444445,1.8055555555555556,65.0
11001004802,Census Tract 48.02,41.774024350253036,43.2460521603343,39.10479805579737,25.96847826086957,37.2,14.4,3.4067028985507255,7.194444444444445,1.8055555555555556,65.0
11001004902,Census Tract 49.02,42.24296073987848,44.65690890827125,38.82156649231817,25.96847826086957,37.2,14.4,3.4067028985507255,7.194444444444445,1.8055555555555556,65.0
11001007401,Census Tract 74.01,37.33242864928461,38.67432667831404,35.96489940262322,25.96847826086957,37.2,14.4,3.4067028985507255,7.194444444444445,1.8055555555555556,65.0
11001007403,Census Tract 74.03,38.716466640529774,39.61965731079542,37.58939628900232,25.96847826086957,37.2,14.4,3.4067028985507255,7.194444444444445,1.8055555555555556,65.0
11001000600,Census Tract 6,35.748955535049014,36.30240372349766,34.90751142292464,25.96847826086957,37.2,14.4,3.4067028985507255,7.194444444444445,1.8055555555555556,65.0
11001000702,Census Tract 7.02,36.0034508943629,38.014979291243264,31.455592023961675,25.96847826086957,37.2,14.4,3.4067028985507255,7.194444444444445,1.8055555555555556,65.0
11001007404,Census Tract 74.04,39.18220760796661,40.116030215296,38.36524112010151,25.96847826086957,37.2,14.4,3.4067028985507255,7.194444444444445,1.8055555555555556,65.0
11001007301,Census Tract 73.01,34.203920461055716,35.567982586988855,32.79252112007266,25.96847826086957,37.2,14.4,3.4067028985507255,7.194444444444445,1.8055555555555556,65.0
11001002702,Census Tract 27.02,36.54978863552831,38.20139385403188,33.5457278742592,25.96847826086957,37.2,14.4,3.4067028985507255,7.194444444444445,1.8055555555555556,65.0
11001008301,Census Tract 83.01,41.08261266492091,41.97669520877953,39.86882006724627,25.96847826086957,37.2,14.4,3.4067028985507255,7.194444444444445,1.8055555555555556,65.0
11001001600,Census Tract 16,33.830916432369584,35.156646834246644,31.0918438209175,25.96847826086957,37.2,14.4,3.4067028985507255,7.194444444444445,1.8055555555555556,65.0
11001010500,Census Tract 105,40.69984051826952,42.18529595475367,37.985858047457235,25.96847826086957,37.2,14.4,3.4067028985507255,7.194444444444445,1.8055555555555556,65.0
11001009204,Census Tract 92.04,41.511979020043654,43.63699857889151,37.80090871835885,25.96847826086957,37.2,14.4,3.4067028985507255,7.194444444444445,1.8055555555555556,65.0
11001007304,Census Tract 73.04,37.0555707335844,38.055757870177004,35.74230974706958,25.96847826086957,37.2,14.4,3.4067028985507255,7.194444444444445,1.8055555555555556,65.0
11001003000,Census Tract 30,39.49321596215282,42.03441242765824,35.51347071241212,25.96847826086957,37.2,14.4,3.4067028985507255,7.194444444444445,1.8055555555555556,65.0
11001007502,Census Tract 75.02,39.69691341284843,40.59369126964581,38.70700983107996,25.96847826086957,37.2,14.4,3.4067028985507255,7.194444444444445,1.8055555555555556,65.0
11001007503,Census Tract 75.03,40.33099863736205,42.538341880728055,38.39139279861739,25.96847826086957,37.2,14.4,3.4067028985507255,7.194444444444445,1.8055555555555556,65.0
11001000902,Census Tract 9.02,31.63541065449693,33.187171905731326,29.06715585080096,25.96847826086957,37.2,14.4,3.4067028985507255,7.194444444444445,1.8055555555555556,65.0
11001001500,Census Tract 15,31.746974518181496,32.45814692707191,30.620126132133986,25.96847826086957,37.2,14.4,3.4067028985507255,7.194444444444445,1.8055555555555556,65.0
11001009603,Census Tract 96.03,40.50392628400041,42.0444493276548,37.49133151649218,25.96847826086957,37.2,14.4,3.4067028985507255,7.194444444444445,1.8055555555555556,65.0
11001000501,Census Tract 5.01,34.60650604358777,35.19118682561525,33.64775904444872,25.96847826086957,37.2,14.4,3.4067028985507255,7.194444444444445,1.8055555555555556,65.0
11001003302,Census Tract 33.02,40.56448447518499,42.668536173623124,37.63802439489309,25.96847826086957,37.2,14.4,3.4067028985507255,7.194444444444445,1.8055555555555556,65.0
11001008402,Census Tract 84.02,40.81532558802682,42.19048740007634,38.49811940490331,25.96847826086957,37.2,14.4,3.4067028985507255,7.194444444444445,1.8055555555555556,65.0
11001009602,Census Tract 96.02,38.67774834508234,40.59324870736959,37.00875753876646,25.96847826086957,37.2,14.4,3.4067028985507255,7.194444444444445,1.8055555555555556,65.0
11001000802,Census Tract 8.02,31.905783750754427,33.88317929941981,28.75029743839563,25.96847826086957,37.2,14.4,3.4067028985507255,7.194444444444445,1.8055555555555556,65.0
11001001301,Census Tract 13.01,30.800109076489434,31.867477185734803,28.904986273603033,25.96847826086957,37.2,14.4,3.4067028985507255,7.194444444444445,1.8055555555555556,65.0
11001002001,Census Tract 20.01,34.91319839963462,36.885306969734636,31.636896097204655,25.96847826086957,37.2,14.4,3.4067028985507255,7.194444444444445,1.8055555555555556,65.0
11001007708,Census Tract 77.08,35.78905152367262,37.16613429235546,34.03727511530239,25.96847826086957,37.2,14.4,3.4067028985507255,7.194444444444445,1.8055555555555556,65.0
11001001402,Census Tract 14.02,35.04613815939483,36.07047696401942,33.72999493530532,25.96847826086957,37.2,14.4,3.4067028985507255,7.194444444444445,1.8055555555555556,65.0
11001004702,Census Tract 47.02,40.94097767733742,42.56703328414647,37.2660593202607,25.96847826086957,37.2,14.4,3.4067028985507255,7.194444444444445,1.8055555555555556,65.0
11001007601,Census Tract 76.01,38.82070396360772,40.25369597233125,37.72702755284038,25.96847826086957,37.2,14.4,3.4067028985507255,7.194444444444445,1.8055555555555556,65.0
11001007504,Census Tract 75.04,35.34027682783757,36.535755681840556,33.98492140637693,25.96847826086957,37.2,14.4,3.4067028985507255,7.194444444444445,1.8055555555555556,65.0
11001009902,Census Tract 99.02,34.77686415240039,36.39161098246642,33.07924895953579,25.96847826086957,37.2,14.4,3.4067028985507255,7.194444444444445,1.8055555555555556,65.0
11001002600,Census Tract 26,30.422016474523712,32.71871167146447,25.57519066612395,25.96847826086957,37.2,14.4,3.4067028985507255,7.194444444444445,1.8055555555555556,65.0
11001009601,Census Tract 96.01,34.9571549211102,37.05937100434706,32.46161206595219,25.96847826086957,37.2,14.4,3.4067028985507255,7.194444444444445,1.8055555555555556,65.0
11001000202,Census Tract 2.02,35.30188381402699,36.854311259248036,32.96729993700201,25.96847826086957,37.2,14.4,3.4067028985507255,7.194444444444445,1.8055555555555556,65.0
11001004300,Census Tract 43,40.954561634329124,42.736534102624326,37.109456859153106,25.96847826086957,37.2,14.4,3.4067028985507255,7.194444444444445,1.8055555555555556,65.0
11001006804,Census Tract 68.04,36.96176752724498,38.40970345459761,34.72785608634145,25.96847826086957,37.2,14.4,3.4067028985507255,7.194444444444445,1.8055555555555556,65.0
11001004100,Census Tract 41,36.30618120106122,37.89946798354755,33.63872517449571,25.96847826086957,37.2,14.4,3.4067028985507255,7.194444444444445,1.8055555555555556,65.0
11001010100,Census Tract 101,40.06099804253329,42.19813524685201,36.896408481137215,25.96847826086957,37.2,14.4,3.4067028985507255,7.194444444444445,1.8055555555555556,65.0
11001004901,Census Tract 49.01,40.662011651532396,42.60923815300924,37.40996170465587,25.96847826086957,37.2,14.4,3.4067028985507255,7.194444444444445,1.8055555555555556,65.0
11001005900,Census Tract 59,41.65345827553169,43.221803603586395,38.897404116023,25.96847826086957,37.2,14.4,3.4067028985507255,7.194444444444445,1.8055555555555556,65.0
11001009901,Census Tract 99.01,34.30019810447441,35.74212745303842,32.647361122249556,25.96847826086957,37.2,14.4,3.4067028985507255,7.194444444444445,1.8055555555555556,65.0
11001007901,Census Tract 79.01,42.06691863642684,44.14100398877383,39.33873614726048,25.96847826086957,37.2,14.4,3.4067028985507255,7.194444444444445,1.8055555555555556,65.0
11001001803,Census Tract 18.03,31.449455517815274,32.89144643010462,28.478273494145515,25.96847826086957,37.2,14.4,3.4067028985507255,7.194444444444445,1.8055555555555556,65.0
11001007406,Census Tract 74.06,39.612635148181724,41.3133349935066,38.29589108565356,25.96847826086957,37.2,14.4,3.4067028985507255,7.194444444444445,1.8055555555555556,65.0
11001003301,Census Tract 33.01,39.1827099900462,40.597240037950286,37.31501991119843,25.96847826086957,37.2,14.4,3.4067028985507255,7.194444444444445,1.8055555555555556,65.0
11001007604,Census Tract 76.04,36.386531980677454,37.587391839509515,35.31007400044801,25.96847826086957,37.2,14.4,3.4067028985507255,7.194444444444445,1.8055555555555556,65.0
11001007605,Census Tract 76.05,38.592238212131655,40.11348369017992,36.812247986495485,25.96847826086957,37.2,14.4,3.4067028985507255,7.194444444444445,1.8055555555555556,65.0
11001007603,Census Tract 76.03,37.4643445410893,38.75111929884307,36.26809580819124,25.96847826086957,37.2,14.4,3.4067028985507255,7.194444444444445,1.8055555555555556,65.0
11001008100,Census Tract 81,40.327123405451886,41.555820504330605,37.92440205556142,25.96847826086957,37.2,14.4,3.4067028985507255,7.194444444444445,1.8055555555555556,65.0
11001008200,Census Tract 82,40.75531534108782,41.67168591801814,39.309440814509756,25.96847826086957,37.2,14.4,3.4067028985507255,7.194444444444445,1.8055555555555556,65.0
11001008302,Census Tract 83.02,41.03741749298243,41.8537114075454,39.76975895664948,25.96847826086957,37.2,14.4,3.4067028985507255,7.194444444444445,1.8055555555555556,65.0
11001008410,Census Tract 84.10,41.05755555535171,42.570494325048706,37.79737846704198,25.96847826086957,37.2,14.4,3.4067028985507255,7.194444444444445,1.8055555555555556,65.0
11001008701,Census Tract 87.01,40.64418382544926,43.857586857369704,35.8475172532133,25.96847826086957,37.2,14.4,3.4067028985507255,7.194444444444445,1.8055555555555556,65.0
11001008002,Census Tract 80.02,41.333390260240925,42.69556653948943,39.74442910211535,25.96847826086957,37.2,14.4,3.4067028985507255,7.194444444444445,1.8055555555555556,65.0
11001008702,Census Tract 87.02,41.74804995699697,44.83196850712559,36.698088385436236,25.96847826086957,37.2,14.4,3.4067028985507255,7.194444444444445,1.8055555555555556,65.0
11001007703,Census Tract 77.03,37.76976013279894,39.43224122546138,36.07764348991766,25.96847826086957,37.2,14.4,3.4067028985507255,7.194444444444445,1.8055555555555556,65.0
11001007707,Census Tract 77.07,39.29795246857071,41.32938953979645,37.84408960863221,25.96847826086957,37.2,14.4,3.4067028985507255,7.194444444444445,1.8055555555555556,65.0
11001007709,Census Tract 77.09,36.90306233191309,38.42143537713368,35.497142058950374,25.96847826086957,37.2,14.4,3.4067028985507255,7.194444444444445,1.8055555555555556,65.0
11001007803,Census Tract 78.03,38.366101513356014,40.37794911010292,35.14456559971311,25.96847826086957,37.2,14.4,3.4067028985507255,7.194444444444445,1.8055555555555556,65.0
11001007804,Census Tract 78.04,38.56161713480251,41.807217384344256,33.56738682266373,25.96847826086957,37.2,14.4,3.4067028985507255,7.194444444444445,1.8055555555555556,65.0
11001008803,Census Tract 88.03,41.581866150161694,43.635520598353644,38.0855430506652,25.96847826086957,37.2,14.4,3.4067028985507255,7.194444444444445,1.8055555555555556,65.0
11001008804,Census Tract 88.04,39.99936421669697,42.50261462240811,37.160099067997336,25.96847826086957,37.2,14.4,3.4067028985507255,7.194444444444445,1.8055555555555556,65.0
11001008903,Census Tract 89.03,40.735712072707805,42.92016690251453,38.541473663927015,25.96847826086957,37.2,14.4,3.4067028985507255,7.194444444444445,1.8055555555555556,65.0
11001008904,Census Tract 89.04,41.82566784873295,43.66011009627078,39.77371607763352,25.96847826086957,37.2,14.4,3.4067028985507255,7.194444444444445,1.8055555555555556,65.0
11001008802,Census Tract 88.02,41.342645938107374,43.20298970195136,38.53121406370446,25.96847826086957,37.2,14.4,3.4067028985507255,7.194444444444445,1.8055555555555556,65.0
11001009810,Census Tract 98.10,39.06589972790846,40.30824105123647,37.64893254960689,25.96847826086957,37.2,14.4,3.4067028985507255,7.194444444444445,1.8055555555555556,65.0
11001010800,Census Tract 108,40.36584800879068,41.41007877435284,38.72781941668783,25.96847826086957,37.2,14.4,3.4067028985507255,7.194444444444445,1.8055555555555556,65.0
11001011100,Census Tract 111,35.970613905243475,38.56327380361918,32.493561061248805,25.96847826086957,37.2,14.4,3.4067028985507255,7.194444444444445,1.8055555555555556,65.0
11001009000,Census Tract 90,38.373871396140146,41.0254769592915,35.10980605810944,25.96847826086957,37.2,14.4,3.4067028985507255,7.194444444444445,1.8055555555555556,65.0
11001009102,Census Tract 91.02,41.48268217338557,43.918816917001266,37.703578111476176,25.96847826086957,37.2,14.4,3.4067028985507255,7.194444444444445,1.8055555555555556,65.0
11001009811,Census Tract 98.11,41.098366195424006,41.92902964679287,40.14986478429026,25.96847826086957,37.2,14.4,3.4067028985507255,7.194444444444445,1.8055555555555556,65.0
11001001002,Census Tract 10.02,37.28432851135227,37.96450547469582,36.53551941103046,25.96847826086957,37.2,14.4,3.4067028985507255,7.194444444444445,1.8055555555555556,65.0
11001007807,Census Tract 78.07,38.89696125560236,42.004929584324785,32.781021702958185,25.96847826086957,37.2,14.4,3.4067028985507255,7.194444444444445,1.8055555555555556,65.0
11001007806,Census Tract 78.06,40.80514533829286,43.0504664319001,37.749800627669636,25.96847826086957,37.2,14.4,3.4067028985507255,7.194444444444445,1.8055555555555556,65.0
11001007808,Census Tract 78.08,38.914583993027776,41.483072047871495,35.75001478512936,25.96847826086957,37.2,14.4,3.4067028985507255,7.194444444444445,1.8055555555555556,65.0
11001009201,Census Tract 92.01,39.465227556604276,40.88337130474207,37.03350317502128,25.96847826086957,37.2,14.4,3.4067028985507255,7.194444444444445,1.8055555555555556,65.0
11001009203,Census Tract 92.03,38.49231356714378,39.80992437233454,37.35362465931704,25.96847826086957,37.2,14.4,3.4067028985507255,7.194444444444445,1.8055555555555556,65.0
11001009301,Census Tract 93.01,38.020520582579366,39.8416949067967,34.63950442229411,25.96847826086957,37.2,14.4,3.4067028985507255,7.194444444444445,1.8055555555555556,65.0
11001009302,Census Tract 93.02,40.048177098098606,42.00732513909631,37.19127406524844,25.96847826086957,37.2,14.4,3.4067028985507255,7.194444444444445,1.8055555555555556,65.0
11001001100,Census Tract 11,37.2940117546778,38.31970986707493,35.99458106245929,25.96847826086957,37.2,14.4,3.4067028985507255,7.194444444444445,1.8055555555555556,65.0
11001001200,Census Tract 12,36.301260198036154,37.58635376377674,34.51192471800978,25.96847826086957,37.2,14.4,3.4067028985507255,7.194444444444445,1.8055555555555556,65.0
11001001401,Census Tract 14.01,36.26907081972644,37.370782131886614,34.72314721815888,25.96847826086957,37.2,14.4,3.4067028985507255,7.194444444444445,1.8055555555555556,65.0
11001009804,Census Tract 98.04,40.7310513831922,41.50651658208911,40.058428187719976,25.96847826086957,37.2,14.4,3.4067028985507255,7.194444444444445,1.8055555555555556,65.0
11001001702,Census Tract 17.02,38.78557653902605,40.12315842194907,35.67147052675921,25.96847826086957,37.2,14.4,3.4067028985507255,7.194444444444445,1.8055555555555556,65.0
11001010300,Census Tract 103,38.08204417074016,39.49127651873951,35.49087654749745,25.96847826086957,37.2,14.4,3.4067028985507255,7.194444444444445,1.8055555555555556,65.0
11001001804,Census Tract 18.04,37.58767754887375,39.86832052910826,33.01679871843094,25.96847826086957,37.2,14.4,3.4067028985507255,7.194444444444445,1.8055555555555556,65.0
11001001901,Census Tract 19.01,38.24700224206309,40.559660541636624,33.89145390706314,25.96847826086957,37.2,14.4,3.4067028985507255,7.194444444444445,1.8055555555555556,65.0
11001001902,Census Tract 19.02,38.1504675731507,39.43229909763754,36.28889045763532,25.96847826086957,37.2,14.4,3.4067028985507255,7.194444444444445,1.8055555555555556,65.0
11001005001,Census Tract 50.01,40.896829176607035,42.39410565510419,38.53102437196622,25.96847826086957,37.2,14.4,3.4067028985507255,7.194444444444445,1.8055555555555556,65.0
11001009807,Census Tract 98.07,37.10080668793929,38.459240306760904,35.6711277603141,25.96847826086957,37.2,14.4,3.4067028985507255,7.194444444444445,1.8055555555555556,65.0
11001009802,Census Tract 98.02,40.68326649313403,41.435528136407044,40.060090818563474,25.96847826086957,37.2,14.4,3.4067028985507255,7.194444444444445,1.8055555555555556,65.0
11001009803,Census Tract 98.03,39.992902394508704,40.95742893818212,39.034939507633695,25.96847826086957,37.2,14.4,3.4067028985507255,7.194444444444445,1.8055555555555556,65.0
11001002002,Census Tract 20.02,38.096331406029705,40.29539513710418,33.61385825006524,25.96847826086957,37.2,14.4,3.4067028985507255,7.194444444444445,1.8055555555555556,65.0
11001003500,Census Tract 35,41.18220532944116,43.07807935061131,36.94774175011347,25.96847826086957,37.2,14.4,3.4067028985507255,7.194444444444445,1.8055555555555556,65.0
11001002900,Census Tract 29,38.51201037812214,41.808069298136495,34.785348736886974,25.96847826086957,37.2,14.4,3.4067028985507255,7.194444444444445,1.8055555555555556,65.0
11001003100,Census Tract 31,40.1081452489458,41.911822521027126,38.48049911944714,25.96847826086957,37.2,14.4,3.4067028985507255,7.194444444444445,1.8055555555555556,65.0
11001003200,Census Tract 32,39.865181325055154,41.4391807933007,37.34217885809278,25.96847826086957,37.2,14.4,3.4067028985507255,7.194444444444445,1.8055555555555556,65.0
11001003400,Census Tract 34,39.70754431844371,41.01111308555324,37.981419547504984,25.96847826086957,37.2,14.4,3.4067028985507255,7.194444444444445,1.8055555555555556,65.0
